temp,hum,delta_t,delta_h,future_heat_index
29.869021545015713,76.41727713088854,0.08885050046662692,0.16024908573873878,38.56036991697467
37.35928598332891,69.12433648548541,-0.6676721793550506,-0.18296380365665268,43.80502856951146
34.51592124354826,58.92874273288475,0.1900989255029816,0.8497304120263085,41.83981408973612
32.78256029456148,81.62077588681268,0.3052928726419116,1.148042780153501,43.353577731213825
27.028242325751673,75.81290276492456,0.2798952239655199,-0.9431873526095393,35.65193082320053
27.027928764370635,52.317762270520106,0.5403903627773109,-1.5974795442693337,33.015607541785165
25.75508695818659,85.99172330222291,0.41696107727445203,-2.2034464477239557,35.30855909329934
36.26028989507416,82.01417593154261,0.22959003961421834,0.6095895922950524,46.511682789084645
32.81449515266171,87.74099609813658,-0.035082855729323514,-1.3240399274086483,42.3057503539722
34.20494351134859,77.6573778774762,-0.8304804667579957,-2.5834687115429795,40.3246285186549
25.26759842584543,72.60368381711055,0.21480910956629293,0.4662943254371569,33.63648184040373
37.60882807810593,63.82093663307785,0.10384384358155557,2.9915994209193486,46.49476509450063
35.82175433040548,86.9727817509306,0.13578941859768673,-0.007285093847871988,46.24296420271629
27.760408438817592,83.97287502751837,-0.6383742879101547,1.0061889293419701,36.126522581249155
27.36372457369231,47.03484015477852,-0.5405282702041312,0.098195230257078,31.093474354407444
27.38425862809464,46.18651385237634,0.5265764266664518,-0.11866758382937119,33.28431503641174
28.95514915847399,61.94085150951223,-0.01977757692832752,1.1028917795853221,36.09957168887147
31.82183361121909,81.47489988518248,0.3407503486863122,-0.3483294530263816,41.654704713089565
30.615285242347504,89.4274258191725,0.014159188065230586,0.3208707768862835,41.045855759929985
28.785978822574545,51.76876009965877,0.014878069747872594,0.3860373674352163,34.52829464792371
32.954087631390934,71.73588219084608,0.46914190298799885,-0.8017085443716585,42.05855990356105
26.813420188476545,62.140088548395966,-0.25802236410868695,1.1904508194438272,33.387564632653984
28.797880430957836,88.64614790165714,0.04806038847049168,-0.20995170803449037,38.73102973428187
29.762703962817994,82.89535154110689,-0.23113764435252124,-0.9068941913914136,38.05253564806308
30.928909794821468,82.7247917120012,-0.2172481137161578,0.6438118122844843,39.87987038574373
35.207287498109174,66.09119219077365,-0.15458606173431969,-1.0781615781492446,41.85336876835828
27.595759168058677,63.666877605194934,0.11106688581685642,0.0338173888429539,34.8112658971021
31.685047699376952,57.30331823688178,-0.23937431083173866,-0.010942795973044253,37.54163274179239
32.701389395206554,47.53689734929172,0.6278780627867604,1.3030746789978938,39.748116892687385
25.60385536535997,83.9125069314774,-0.44730365110975195,0.5696378794559434,34.142109551042815
32.8980830747187,81.58054541085349,-0.09343582208067952,-0.0300323504941727,41.95743124160548
27.21681360793479,89.98729529787587,-0.21986552913708746,0.9813195590403445,37.177646131876024
25.845670708808633,89.84865766832574,0.7234889421768664,1.668249058820776,38.31233941780879
37.33551198429333,69.99442675211824,0.09827738825578732,0.6693723676222346,46.08508966538595
37.55321642996927,79.60443368312298,0.5159222697343174,0.012423143812056728,48.04814670656565
35.50916552551399,87.51445784470926,-0.742780186518486,-1.5742034788201915,43.259163700092685
28.95997899925382,83.23413258048352,0.13352513293462942,-1.278136395690447,37.876745566215064
26.26973748208299,56.1306645784439,0.4448153978117185,-0.3662696452256012,33.02355633055288
33.89502934465804,65.2744860889542,0.04114199463771209,-0.7314146425911398,41.10366684931296
30.721982418614818,50.81217368181727,0.5327401875326756,-0.2243655635825352,37.29238063454065
26.586497052982125,87.9322962266425,-0.2586442250501861,0.06797990987652859,35.786882002454284
31.437299831446513,72.27785855028961,0.70467372009279,0.635631305228077,41.46519511565411
25.44705077449784,55.28892624765582,1.1494490618096251,-0.08459853367090946,33.84148229345439
36.82116522702417,75.22653079826355,-0.18141928021982953,0.5838019725914423,45.34066337061562
28.36413976080022,72.81577082060531,-0.2227512607003859,0.07736929777214428,35.955724534007516
33.612789696601766,61.11732231147782,0.7266922385588505,-2.3705598796246456,41.29487012060163
29.052243989162342,50.11009164898331,0.7897860728653562,-1.1272024725825052,35.67465425731149
31.76088427531154,75.22079380167598,-0.26143001357663415,-0.17290506686593857,39.74606592528023
32.107233631462634,68.4138465406707,-0.21009340854792863,-1.451633691409329,38.74852976846386
27.40310792183185,79.75432762810377,-0.1408923044302536,0.7199144759954453,36.209581085798966
37.60460016093926,68.4073575500397,-0.6722252555171385,1.8369009988124367,44.853176829152204
35.07672670369449,83.3481675143343,-0.4593259732420991,1.46251422203678,44.284220704083566
37.21348624033446,69.83580774485185,-0.5020703833760339,-0.2561314451162496,44.192556685313356
36.632755555559434,70.24220871909239,-0.3838987825520642,1.7888713642199423,44.65475214196691
32.772699724544104,84.44941211962552,-0.01734244369339059,0.17840094864253386,42.415493186624545
36.984365055300515,63.15672897955787,0.11710736626826038,-0.4045031653416472,44.45608681441344
26.150402526674952,51.03068528027883,0.7752502464070384,-0.7360831962491277,32.855874554146624
27.54777721144889,46.29522043410025,-0.4991770203693955,-0.362963623785754,31.0981558983271
25.587954755836996,78.98117650531285,0.4921611992382919,-0.4658121822494745,35.187416560550226
29.229294299922437,72.91392981090591,-0.10699442211275448,0.20449946685058523,37.15533152238091
30.052804765963266,76.68358956446505,-0.024731854826216475,0.1926887772598375,38.66481424565698
28.527537413060646,54.58338726790098,0.3374097460833019,0.003655224184097363,34.99324035697727
35.773587618975085,51.13671640140464,-0.5613610107811493,0.5243258036956198,40.46240047399991
29.63779324701666,45.654509955054685,0.1912048730920253,1.4287755297436096,35.51879001409727
28.65214862593595,60.77644014629686,0.08322610410652805,1.1394649625295885,35.94112053844496
32.05504908105723,71.54629590845849,0.24622563200407455,-1.7818775621398841,39.89415745878592
26.832014924671913,62.650982029487956,0.14458432195390905,-3.064705361882346,32.82496609427159
35.428560749802514,64.6863714910678,1.2276500699554471,1.1211838934871283,46.047804599691695
25.96915836783702,85.68714125221868,-0.318869992125658,-1.6402544380985054,34.15751619941937
37.829530175806724,60.671496016048515,-0.2654984775009088,-0.26971848227122025,44.22577175154948
35.03918200085655,68.12952701219149,-0.3115702632123822,-1.4041356312712314,41.523795753481004
27.58330385994424,80.26438557335143,-0.27773855958012733,-2.1623765250960236,35.167977113931876
25.071787522606833,62.84442520445715,-0.31869356365325885,0.6497552738457456,31.174251153232177
35.600998569912846,72.9939015102543,0.5945082655537759,0.9109861923631761,45.863995584718964
34.18914547001902,83.80636689360352,0.7102521239949274,-0.6918124808720633,45.312279895396195
34.47709318453283,87.72842806459388,-0.28537314687473814,-3.1092507505738918,42.66123865256163
35.026514506917295,51.618306641806704,-0.41617778655211435,-0.6554933379029793,39.79187731505534
25.962580472543173,86.69644313226725,0.23570777819320204,0.4701648064830558,36.2694718330201
29.660054471075544,67.14523318857923,-0.2761115221404856,-1.7746938825289544,35.78442048625212
26.506297773826688,56.62099747345313,0.3164659088777554,0.22003190373498677,33.36804889512234
36.22034453638271,65.66110903072176,0.10146151042564985,-0.01837181900759467,44.02327671911736
33.10287564875826,89.10146588784647,-0.757872057498616,0.6951497995213061,41.96623035261543
29.30167432308444,67.16781422967912,0.7737526006650308,0.1434964420969839,38.643274177223745
25.826258553718308,59.79382246293787,0.8979388365477609,-1.1676827290578666,33.61616321206965
29.04277018230361,73.50303844425267,-0.3063943452421931,1.4358858019973895,37.21535465575884
29.227383186347712,55.806552845018686,-0.19385077996799208,-0.190235487632364,34.59733849928444
34.48488031839483,48.413849764889875,0.14293269536245248,-0.03276544741191823,40.337679946904395
33.28824712761777,50.79958748597922,0.1672283949935125,-1.1199215508878353,38.99793718412887
36.533765653492246,50.76206275309976,0.3292721363364152,-0.5319387014298124,42.787355256519135
31.13879402710534,51.83562120805325,1.0051022693831748,-1.061763256832281,38.66195676147993
26.55472519719792,51.247222769223455,-0.0884736137470247,-0.20753527190810758,31.53505430213464
34.27218223389893,73.83936351614466,-0.39914862226922687,2.054050176170812,42.62860110375147
34.890205632019665,53.184603797961515,-0.6896596140072636,-1.6462813715176277,38.6413352801337
32.29660356840345,60.555027749573846,-0.36546501997095954,-1.9362736774520892,37.540924113085374
35.02257333940929,85.35547844577053,-0.016563486436898547,1.7654043929923302,45.71545603287624
31.41934275273708,66.32827381182926,0.8972789317588938,-0.25118841258223934,40.952537306885
31.795526781965922,75.04009823344623,-0.2588056495180857,-0.8028872863918999,39.31749019797158
30.558033238661146,52.75439420407334,0.11189397581944925,1.2478856248752916,37.05205041204341
25.330448647673236,53.65300584639019,-0.008211448036376037,-0.7267386476842369,30.457406172844266
26.40258855091296,46.83908773199155,0.594196636724042,2.1912116562563235,33.4059584266158
25.408579413927544,52.6020778382474,1.2634662129368108,0.8135110456071228,34.21911959652087
33.27333534642914,57.53656525643814,-0.2654343864601603,-0.5854936897748432,39.0582516621097
29.086627753992246,52.965471792453606,-0.24471972125911107,2.588769855918604,35.14603345306979
31.611418985141135,48.991614019067505,0.522080438534536,-0.726857907604006,37.821779036358826
36.79836416103921,50.42861419952703,0.3409457448131557,0.8905144464111684,43.727456488973246
28.240798978935373,65.73504456147266,0.9233536628680168,0.3591510964877903,37.73643425433237
30.334977999463185,54.285017328260665,0.29196409266298196,1.5620895472785576,37.48132185887174
34.82216480105963,61.392143747163395,-0.17964604539352977,1.8738134360722232,42.2090758652424
27.97437615139109,67.65377718846855,0.29532741534615464,0.03840497887891995,36.0387793337175
26.00073882777431,76.06776728832143,0.5543517902914539,-0.9041014444154201,35.24083115657794
28.766768887878985,46.76904629284945,0.410241090598682,0.5519665715269397,34.93636244920298
27.095876734302056,80.97346795090692,0.25363701555364887,-0.8132584437025273,36.32619071039946
37.086069480453446,73.25551752709084,0.533337344794577,2.4160646970319477,47.78049824051467
35.50556493433742,48.679156437699234,0.5846477952228364,0.16384239729928493,42.421607861117856
33.23424883463551,84.31103808480498,0.6910794955187636,-0.4383858615745304,44.3185780456867
36.328987672440334,86.43925802393159,0.3243549437948213,0.2216163670378901,47.215809833489175
35.44773699968849,47.748508193468865,-0.08355904015842718,-1.6165515474356358,39.98525881528383
27.425410765518464,57.45949416662417,0.07335684321666142,-1.1659368462127817,33.45403132175297
36.60326698036971,81.27905759068776,0.6032544832541784,1.4404966895333104,48.10669317236278
32.01144914490346,78.67168606726463,-0.40846783549361804,-0.7882731347656748,39.66829062287587
35.49672201713281,53.30344587103698,0.1843366544364506,-1.2562931792183274,41.55912409648146
36.649186899005414,54.420719550151965,-0.19666940616368034,0.6439833030327434,42.68400432803495
29.13404517463423,61.67124462561219,0.014372411467408744,1.4228449855955962,36.61080379281135
26.430675018859798,66.80353433359596,0.6392259313036494,0.86274397279808,35.52091434017174
27.96315711304524,72.82146471886333,0.09554953400995167,1.1952572229669796,36.68702733797036
30.552401252141333,61.60111378063976,0.023218274078074405,-0.9081541062833529,37.10706704887243
35.63419195699241,65.81406222599165,-0.6799280704899596,-1.7061728000902125,40.81019772459119
36.189497582332464,78.63619221601905,0.37312678301361035,1.801600382346584,46.80147053435034
25.090377696905477,46.65074413007691,0.3227420905705377,-0.3872158066105629,30.311013862388087
31.639714933508355,56.35966249548093,1.08162736165273,-0.3009996197460568,40.26649757302071
30.42634304093413,77.10073136480486,-0.15388911747650041,1.5938329702188694,39.556587674597516
27.887401536119494,85.28430769592397,0.10957516383196948,0.6674760112807919,38.158031832381454
26.558249775337877,68.02548489520498,0.12469184185537763,0.5470653264979292,34.51864292853998
29.388997228247163,68.9451068369392,0.7887266398817372,2.5980028138813007,39.9352167548672
37.25782615086275,49.82274051028992,-0.04764776619347605,-0.7722218764561716,42.40086193339794
29.20163811626982,65.13355650705546,0.13951076288516961,1.1134081536974845,37.08971743907144
31.744278082663758,68.96777699047604,0.3039482548582696,0.0684157498765014,40.15529413658787
34.139246465637314,55.91117266356284,0.09330456157817905,0.3223107346359083,40.736989534205776
29.727184830930824,57.11594539272214,-0.22321680727526413,1.834162111695038,36.170909325690445
37.63316707537249,61.977787339708016,0.09704499644915379,0.6094029075475484,45.271915506988435
37.511814834247446,45.903203899997685,0.536815874929886,0.6459552948595595,44.090918693204515
28.273169845729733,59.49356245124302,-0.5132576497055301,1.2870088047717625,34.13515778536311
31.46423057660101,54.51516031484451,0.066484837073438,-0.4379432754514624,37.349724855726734
28.911418027618005,59.73738084800616,-0.3500604074695866,-1.0070516008068076,34.24143973966799
28.70292642690708,50.38929593186631,0.5975233144624212,-1.2537710328252403,35.16499173718486
25.479530315608926,85.07372763329528,-0.7615934523918874,-2.359627907251202,32.074899584824344
32.92433634173866,71.7116604099322,-0.27946092363579417,2.4674485559283865,41.167142953751856
31.5348273019752,75.55960436150204,0.18860593753226043,-1.3238500388660197,39.95437440904398
25.66922376624986,80.51270573733022,0.7827620146171702,-0.2655043483029264,36.318456500840156
28.62240403507595,67.42989895180757,-0.0328751305364939,-0.3321759598667048,36.0324636722881
36.8074565175665,48.91141296393407,-0.2775997633465992,0.36888803737092085,41.803319698922856
28.11430457867064,69.16979438183465,0.9405785347202951,0.978884655047156,38.324949547623525
26.8836333371859,71.40785031093957,-0.724006950208122,1.0325681860316944,33.39803728461393
31.36288588360832,78.54477633829485,-1.099402978310041,-0.6996929262827262,37.437304482327534
37.81345590343781,64.42467958033558,0.2200072250266662,-0.20054605654369378,46.02532277789553
28.146718529649505,50.74111362580037,-0.2510271121763056,0.33909594058595954,32.95096707661739
33.73776211627642,57.7699157609426,-0.5106164085653566,-0.2984293514202565,38.98862459928439
34.90105499927333,61.33870333793858,0.35417822364967666,1.928814691223991,43.53965725785002
28.089288071901194,74.06627585992206,0.12190035688559941,0.5891699419659016,36.90632300880408
34.466812531954176,70.68502371010104,-0.2820393153683642,0.8818533432597809,42.28620523106777
29.781180725350293,61.024352665403086,-0.6401521993354472,0.7954575224008952,35.36980008590542
33.21997579771653,89.39318619568408,0.43622866414007233,1.4081686289823898,45.035585453457394
33.23588623989163,72.25986687105993,0.3251005889793305,0.21722587044444833,42.330398973368155
31.96507089297186,55.675205628119755,-0.049587931889691454,-1.5561983375470159,37.37349830707998
26.17376701070731,49.580211267918166,0.9233184980238329,0.4796255421031699,33.70972066467455
35.85893244266009,51.878661263294944,-0.5350423831630763,-0.7816282725501948,40.19710859248897
29.170140844632567,56.06809777730287,-0.7627625854623694,-0.6343400180997082,33.28643970572743
27.424740635198106,52.23066179668,-0.3459540349406222,0.7036368225061119,32.44649124983014
25.53007684021193,53.39551608230876,-0.022793008177748902,1.4859396857203628,31.768599592656116
32.681608261447145,57.82928259122312,0.12166972466134592,0.02552589208327398,39.44011393666184
33.80833670394967,52.80181178826397,-0.12061802892816494,0.37059961511875655,39.428486086430865
25.21564177606213,85.35444410818914,0.1760276982571484,2.0426579335622854,35.967076187335685
31.65720975789065,48.6105185547739,-0.625769712095222,0.2889038153862819,35.55905043060729
27.944445077573192,68.60301253066146,0.7218823020366297,3.122019737016474,38.317789390757184
33.38724627532285,63.46785721453477,-0.0410755891962844,0.6786115747578529,40.6901561001805
27.26676357706489,89.20703776088729,0.5586479157940638,-2.112915310986981,37.812114178473244
33.98219059533206,50.041750597562356,0.17136267318885207,0.904009945325439,40.128480901872805
30.027559501906985,62.903501957058374,0.22837660957689196,0.4573900618593333,37.99935479198592
37.17748985357755,88.6261694973916,0.28488364011610195,1.5477033048992948,48.95142406107678
26.78777227389791,83.9478206652291,0.22385428000865748,0.80781762152395,36.9612151514627
29.43386256365336,81.76824319271759,0.32136137993377195,-0.16614718078052856,39.28492777643597
26.475155776127657,56.60562721702229,0.6645762650662157,-1.4691578835472388,33.46100649469588
37.02101703762132,52.68994143255296,0.09826058485073506,-0.2508279087432303,43.272641285906076
36.40541159395275,75.0889448965994,0.35450187879425615,-1.0206245450511602,45.60798162304365
28.353241160297024,86.82191951074137,-0.04486784714361336,-0.6966281397656672,37.7632467018646
33.57979259844433,70.05433018562684,0.7200586077247364,0.7062940853047315,43.51291235065608
35.62388860261581,70.72257102614549,-0.33819615102963485,2.0038854052216872,43.79576072857384
32.21761055079301,57.59905921471279,0.9004702164554078,0.4736058357875773,40.885774687895314
31.885457518628083,79.62718199363715,-0.020078975322171705,-1.4350596744422213,40.2952958927428
28.144079781705873,53.41696868508855,-0.7153875510590241,0.5335232018641688,32.54271493599841
26.21033598147669,59.56556563819097,0.06405220745539464,1.4359577839747812,33.34977952009884
36.663804853393245,64.14463973773876,-0.3405258287374404,-0.7317394851832586,42.72440780095572
36.7054347431233,67.84246704080047,0.42032177449436203,-0.16082060000750123,45.54980444416253
33.23031894455248,55.90843795867861,-0.32631198965119546,0.01762583367503651,38.77685382356567
29.40738728363311,50.167657113264156,-0.22309171660738986,-0.9418779756986879,33.9061424872854
29.53972446996459,72.47790190987347,-0.9447703654727655,0.7779365206126309,35.71340984499644
34.43742382531311,57.98837489581151,-0.22615315962453836,-0.14513777832933789,40.55210389760658
36.6624333793835,71.15571996401755,-1.2119396633144783,0.5034389326884333,42.442908437699145
36.53212351544653,51.946322187339106,-0.7919514117428617,-1.06499061336252,40.16751609456359
35.13838209614911,66.65130458346678,0.3802073280721487,-0.5249499603880925,43.498659850095734
33.34641140000574,68.96652446482136,0.3929000793254161,0.8668576293933256,42.34296246653625
26.093819544935634,47.33205915700921,0.21272878089248237,-0.44739978251012036,31.150712087593284
27.10117328322998,60.14719251872643,-0.4834880715646065,2.072356621480086,33.22814341117309
36.68120445085203,51.04866046225384,-0.023855678070989927,-0.4795634227375228,42.380649847445085
32.88357777557467,47.85187367127455,-0.0018012695452842022,0.2696216709022631,38.36899975785071
25.119561671016186,89.54821045754753,-0.5791823445962714,1.1191089982477078,34.18815775821009
26.319130057258416,59.505923023862536,0.7516991508835753,-1.702038879519638,33.79639939689401
33.625522998404726,81.44435006345857,0.4386811452878357,-2.112970574376931,43.19551738906273
25.065800590000844,56.45882946436937,-0.11048208691483197,-1.8307875774841136,29.94357816480515
27.09050466842748,75.66762250007682,0.01344291949726539,1.5151009241126185,36.10529594081422
32.13353926176562,79.2102536950359,0.10419140397377624,-0.662229775070936,41.20023593989229
33.99463757000501,71.80374332735299,-1.0208674342121453,3.0698391428019027,41.1661883392018
33.47549637353381,66.22092848475712,-0.12358869126029846,-0.6770971183888663,40.559581110274586
27.91550102298728,63.532841136627084,-0.3409921239988993,0.22146156383644436,34.21035013558911
34.258329877517966,60.69907199443479,-0.5008100049474578,1.8505319430814506,40.77862959733362
28.0842381374584,86.82881149115217,-0.14055014644297745,2.4073114657909476,38.554581696598746
29.23019607607048,82.37787335044781,0.8988432634247613,2.473804291963677,41.53125977866526
34.704388266534316,88.42621097999307,0.3204214306335049,1.4500394767117708,46.1795506134792
33.445227687613794,50.59337505684951,-0.2855894948913984,1.2288750309737548,38.90708155656134
36.039904336424314,77.889036384164,0.2862913906780793,0.7110323390414197,45.956976789040716
33.548967599904465,87.22532055694671,0.6996777182930011,0.9340332913999653,45.508808687869745
32.38801184336113,53.155487977454705,0.4623168414563844,-0.6614228595942401,39.070378717264184
26.217771981765203,47.992332031504986,0.029815184960087063,-0.9818386601067686,30.78433789389956
29.780305439772636,78.35042921805265,-0.32346838885278695,-0.004049348893142461,37.794979031045024
28.44763077986243,70.85129009309604,0.34911165680679496,-0.20422154702991413,36.80407385517535
28.171865363928084,82.88229495412224,0.1967426927108748,-0.5438736591927302,37.68262212691437
37.64913721178179,51.289756948183026,0.44759661001386614,0.8356649369480583,44.95022363150018
30.110270420667884,80.78702903369506,0.31758590084098476,1.1463662502846128,40.317512634685976
36.596605217302475,54.073229402148506,0.5247763576596676,0.10608826355021682,44.13056850130598
33.20480213796442,52.3645174289567,-0.267617605780284,1.7730360972663142,39.23623529571198
35.33254694604143,52.39196090689468,0.6586970328171629,-1.370026936960206,42.09244601642936
31.534282210367497,81.6558624104122,0.09879980234619982,-0.23239135113566173,40.86771033722071
32.49975050014267,74.933874931329,1.0376304363126327,-0.8601867847233658,42.982364071560255
31.40273001964523,68.53794411461037,-0.34459390904478393,-2.2398439404876718,37.314925937271774
27.538158841374578,61.14737178555761,0.8679819015826247,-0.09921682301123909,36.192370526338934
34.391877498399566,84.47402433658988,0.0989553917313239,-0.14609701005994025,44.29813027679111
28.650040711731126,62.66002983401859,-0.3257090018072242,1.816139691890557,35.45262001586847
25.3161075636089,81.74697477622097,-0.24194291702716078,0.756974021465733,33.83748457791901
33.39113984679318,64.76107088565983,-0.16017365409716008,-1.229024189195046,39.93555806833145
27.302438832291635,61.96249932412084,0.2120829732009582,2.224911079601026,35.256890123517984
37.22596159658789,65.82059035513228,0.2614177440177498,1.4652404346304235,46.07908076715278
37.401071501033634,58.5620043373864,-0.2868500019692895,0.698517244162339,43.84595518350307
36.89323707286583,78.64242210793131,-0.01217729613049142,-0.2717809186197983,46.0743352904967
29.812063103320778,67.62241755416156,1.0711351793059318,-1.1513270840681757,39.18955440385067
25.200936014875275,55.44957128160678,0.8637715850503557,-0.4466481312852636,32.52099554693149
37.06814131364043,85.48085579735559,0.21816183483701604,1.3064983436450233,48.12200758706365
30.566393928125088,62.27510496179451,0.019001739084100144,2.261503567121531,38.596082764839814
37.566512647567706,69.45987875012949,0.06001566335913065,1.8518922339266268,46.68271128455222
37.52705970216029,85.7912449934046,0.3067589863652083,-0.5866193061435289,48.09022597418688
36.089122921075685,73.09070981612965,-0.5113962825992028,-1.3435409199468134,42.80167280854493
28.827835596904613,50.26041183187638,-0.12868826871167255,0.16906349629344472,34.05283143671927
30.00627047182503,87.29244556260639,-0.8342920369387947,-2.122127238675422,37.0166002625292
36.06477672971914,73.2468623882138,0.19961156130263963,0.38780125702173773,45.21950192353114
29.11998606703161,60.070752659568875,0.3235979698513705,-0.1771231035584024,36.40844879468292
27.203405706919202,51.26724326985243,-0.241593231149687,-0.5592438022418906,31.942304222856304
32.23841641195855,80.73113351716333,0.7869933816450164,-1.9136436807201544,42.75866656400266
37.17001206409015,72.90327401678312,-0.6128828315011706,0.6163201278836599,44.55304468472728
34.04838735677465,69.00574913893448,-0.7321874401049101,-0.6392410075942937,39.94087274343576
32.41079521116174,85.2251662372931,0.11222590927998602,-1.4039002028523455,41.85235699917883
26.263294419019992,80.48687450510388,0.5235491513060773,-3.446714655937979,34.78345367572333
32.99509394708921,51.8253695879738,0.8419638457289343,-0.0330178860607635,40.61773137264386
37.87070005135542,59.02749305079967,-0.22944213143447,2.1267019160036926,45.02956984031004
26.821092198074812,56.18201129165096,0.5393404167156478,1.993511057457444,34.789466704612174
31.738285480728578,78.47758316577045,-0.019254234750353604,-0.5485155079035262,40.3940542787736
36.40584993506342,46.508959563110075,-0.08631364997040981,-0.7226544724341366,41.137392402245986
34.62999203080466,70.64503581920924,0.4418299687433362,0.5625291072900285,44.092219568408126
34.061204632938484,79.31064085833108,0.3261614392067098,-1.1980625270259497,43.452508773442005
34.13229309183242,84.45445365427872,-0.7881960784921247,0.3621502797833592,42.20452128420509
29.67338496585682,60.393678692215836,0.7382701748629479,0.9192963340616283,38.3372461213737
28.81669397543841,81.95657871024058,0.6900456770737258,1.4723198686611692,40.18387019255914
35.52169502122068,49.97842816298433,-0.3127813507547647,-0.12018489177594333,40.510229914860254
35.53147413082935,83.09035312805332,0.19790176671870452,-0.24440850021235905,45.44958785453421
36.27194014154135,50.736989804939206,0.2470150931413694,-1.0535791041078733,42.1548673488856
36.87212718323413,62.87792807521653,0.13033688291195356,-0.992256424847832,44.03358456930251
31.647451185192192,80.87829146007991,-0.27515257692271006,-0.2717746702818321,39.9590708322791
31.519711830933595,51.74628423069482,-0.3358116839690258,0.44083860817941367,36.52729431433451
35.37783732656808,55.31631278546887,-0.012777035495722639,1.0963015514798993,42.04619807875007
33.449531100110946,77.50136557768798,0.5863645096296823,-0.9638147408164137,43.37272291833203
34.125569404350145,77.40164414457334,0.27180007729721617,1.791226282751426,44.387931995700825
35.34530470266931,73.85164347983837,-0.18530716604305297,-0.32534832125108254,43.33778033612067
36.57006944362836,76.22768000101951,0.38584935532417236,-0.025640753218123386,46.408181528107264
29.393937039069964,69.42259995064182,-1.4242713103150377,-0.8966540149773881,33.446123086545
29.882578384319274,56.33095765081288,0.5743828501860517,-2.9090883123275297,36.232913937122575
26.221765217931296,60.55631970767637,-0.8698568893890498,1.0608544756332596,31.112960613114264
32.51764183295026,53.171897256064156,-0.18122047070156608,0.8842126765109201,38.3875658182562
25.467249559357647,85.88027526001328,-0.5598349473130719,-0.33759306854185606,33.46531159652915
31.052774235721984,71.25263076447541,-0.6473407378604529,0.0803888606698463,37.35511877060639
32.054380251198495,63.0383137543638,0.5804133936892597,0.6191270612449193,40.69087062804671
28.725036277667698,65.79026116398597,-0.23385060065594568,-1.8750550282638512,34.81051585202518
32.68083238739714,87.6277502825317,0.1732519408653579,-0.6348632128155537,42.967359759759056
25.396503249207644,51.90081314022361,-0.023460289439592035,0.9531176155461925,31.218254117461388
25.485526453739787,71.38034244075587,0.23852041361156073,-1.5051473078030992,33.29559496968346
35.693807288575556,67.76499054980097,0.03841094553012768,0.35226951859995514,43.748415260235866
29.682478338346417,72.51544059455915,-0.6414961120942848,-1.627898165548086,35.661586373315316
26.651786664474503,45.814958271937826,0.49813340972357,0.5597159789202316,32.68999903471964
31.789162380712455,84.24557590248682,-0.24687829158065625,-0.04276977875698028,40.77155434030549
35.00991619028194,86.94532271176256,-0.7782909493298755,-1.9381581790866114,42.5900953850913
27.80567335745896,70.4309932615144,-0.21405758048295626,1.3976872253486057,35.73480711545916
33.097576185647,76.34928707446015,0.7503798953171554,-0.8815098921576591,43.173694618662864
26.109517044918984,86.5124721529783,0.42511087105674644,-0.9723029244172572,36.2403044627008
25.6718623751919,76.82573854410293,-0.1743260672039296,0.24068303667713142,33.76992017523132
31.907610210385926,51.86425693114176,-0.1746288521592144,1.3783648193144582,37.836521795294736
32.028256580931384,70.93297620750658,-0.1608175256086913,-1.2189861827740762,39.03976629125577
33.28658871947668,72.30217708722851,1.0383739917804204,0.07401581981756598,43.7154278196262
34.4391873383946,64.08588020860736,0.19096772611577667,0.5145798003966875,42.34145633562302
37.68607703301295,78.13999060311252,0.21502082359553482,0.8317267287157729,47.55234710020172
31.71190452791554,87.04651566460566,0.5151417270159211,0.2117298663326702,42.86178553296896
29.198434148236196,86.65058308080494,0.11939457951325676,-0.4404334068999868,39.04008196358334
35.337420531993146,65.28777171318595,-0.12952107291035156,-0.9931082647784636,42.09835754966762
28.520819266406964,50.09571206283399,-0.09817492454248913,0.1033726596556497,33.819139168129
30.706628469173268,89.31785395330505,-0.035800629707031975,-1.2865668143827282,40.2958086694095
26.019932957449456,82.75041389006704,-0.018611118254920796,-3.5056205801935287,33.73597290402732
25.329559664400946,50.60982065414701,0.3638147718184899,0.5238717649892014,31.677759521701176
37.51442939081303,86.43788471778176,0.025972942903649716,1.0847218093034343,48.04244020710918
35.86774156665868,84.14533629279578,0.3663200386077896,-2.835518922650206,45.470808698606966
34.04766467921807,68.34771257067325,-0.04035829005429116,-1.211676845651925,41.26670218762059
30.316388277385506,71.60739460852182,0.039317595158045296,0.7429851132062373,38.77976762014752
27.252826160920996,62.95512167415586,-0.9991003422660538,2.4689945636540385,32.65256338481142
27.03368155472412,47.46427374699141,0.4581638373512407,0.02495244921048947,32.889460411089736
28.25315767613974,60.08387587406554,0.17324423794899635,-0.8736035294749613,34.906689966129804
32.13994664117956,81.12840518691051,0.4990050549298261,-0.2194757293258082,42.47991488288583
34.28974699510081,45.20844103520713,-1.4481276890968446,1.6498517029778217,36.56828910991334
33.582565897330504,60.00746272610149,1.0441873523903638,-0.7751570149494423,42.367191515719796
28.639140660297258,62.91759121159245,-0.06979481407758688,-0.9590304079803043,35.08961188157412
37.413248648621526,69.18280213220653,0.5540914083687583,-0.5792922266184389,46.409599496231415
34.59265991704499,86.39350273857423,-0.5199529635627654,-1.1439943299104547,43.10029098869319
32.20660268264821,60.58556974646825,0.30638695253128484,0.14720437919375462,39.66071085539148
32.95236970104658,60.61289408533025,-0.5267077815868281,1.9496141501634727,39.405792431315064
30.45480081156127,78.18755616493868,-0.31188448034790256,0.38769512773923487,38.66492949065259
28.220502863515048,65.34980734004132,0.9570156769333931,-0.30282420255154513,37.51383000653017
29.6276448224664,55.10721703229919,-0.09534120038167329,-0.35017352269865293,35.208127537296896
34.8519994360368,65.3597782259712,0.10871643658986144,-1.8758289704359883,41.82120972033024
25.187115352186826,51.338565917090996,0.4350338653443771,1.0597317325765907,31.935661530709357
26.508944326589912,52.93741439278005,0.24784094398630233,-0.09340463641536244,32.51933484107722
25.598034346282788,67.42654977327659,0.07520945257178821,-0.21657589630875076,33.02955585332374
25.52947443014661,63.85164522770465,0.1824805012331127,3.8317290814138327,34.26922100773303
36.120987592143095,86.1680655480645,1.2017077926191375,0.3585034900388235,49.051674165023535
34.147552171940305,61.30772546024849,-0.028809398516792695,-0.9021492601142211,40.58530057767197
31.16425977813523,71.12647576251196,0.10054952335748375,-0.5116291154466519,38.92802875020745
26.27184408846302,73.45189295637887,0.525327198003806,1.3781348510361058,36.04006716721481
31.39100637651882,45.589250546475014,0.5527629664789919,0.13592449264531734,37.89825292304286
31.155133020147353,74.85918174075198,0.5935151527801901,-1.72593357398084,40.34916333063686
27.2516243088302,53.01161850913881,0.3193651110145923,1.103074721490244,34.04944335132459
30.64007144009365,88.24816428612547,-0.5715024563652418,-0.8017729026467927,39.000400832813796
30.180561547165855,51.68982274889008,0.816715766150548,2.2479573314610546,38.57224413840285
33.00605127467881,63.65808556771607,-0.573172696509344,1.2960576788575782,39.45016188762775
33.25621746127937,48.84073506353897,0.15131773261951662,-0.5367862747905014,38.69515153554582
25.588952127036578,89.85934133306763,-0.37713792500967896,1.5372196340821354,35.410423488934
29.869963990144125,67.59877546490591,-0.03206917329649627,0.08142661263288395,37.40566492345538
33.136178904285075,71.79232577940198,0.1643812051517402,1.0233284101466633,42.16729365150603
31.54077136154114,48.01844148247924,0.16067860772513654,0.5816793807533697,37.42610303146584
36.13436793544819,78.74822116796301,0.21096037711764237,-1.0156279859890482,45.37179221112052
33.56301721104629,54.44575168930136,0.8068556345293235,-0.7722597987809544,41.288808437816506
27.118147552058588,85.41244302483213,0.22676715075698992,1.2359529810973935,37.698675145195544
25.917393716205588,54.231283821690326,-0.12207831764532434,-0.40173039852784903,31.144141099529218
33.3514506166821,53.58094742986499,0.48204358414417864,-0.484378155890396,40.20632564298577
25.344647037041085,46.64473505316427,0.5947352444623203,-1.1461470952192234,31.0288654489747
32.61508255655502,66.24301252994997,-0.6138039075684962,0.5083188787121532,39.0414787672036
37.22299313852445,70.41785099681775,0.298700034924929,2.475029903091774,46.98739624906745
32.481164312386426,47.95688877427585,0.35058637115544916,-1.2810394971051273,37.90722950915909
30.046209040684786,79.89874275127548,-0.14878175167999597,0.02906334800730968,38.72227201733467
33.36274683975059,65.39799756366125,0.6878534066558097,1.694664666498515,43.04366136147084
30.957287576389717,68.5975621197411,-0.07502779351626336,-0.09556966949485818,38.44340178312983
32.093018261107154,64.83432361222026,0.06278822673577113,0.5428461554996806,39.76373471111194
37.23904251409483,63.03433773938967,-0.0865359121419348,-1.2748722337762557,43.83381345162589
30.019334291410065,70.1838149088698,0.007789523790733767,0.5139685166491783,38.21484845028351
37.49547732971089,51.985811066882064,-0.5481375434476009,-0.22457311800545854,41.99791252924297
36.76955834542883,53.1867658722872,-0.7200254412971472,1.1828759948158356,41.6246903478396
27.545284752260855,83.78035294560829,0.7972525316124861,1.4248632618777013,39.26949199479178
25.90169691137715,87.57519579601347,-0.4234806741591639,3.1074763704223365,35.71047136895507
26.310114017906546,61.79891923258889,-0.4956961747281536,0.6955598078562908,32.06202730753709
25.236883733470147,57.18351029145992,-1.0766950568018574,0.39095557989859975,29.106879773006813
26.227758489827067,73.9799794457557,-0.3194808738447511,0.23326116189280321,33.6773310515529
33.87908805441264,63.393037699414336,-0.6615448967037492,-0.423799551372826,39.41220398866711
25.925452429982975,46.14238600471552,0.8210075800681845,0.40618061215402934,32.583584574549164
29.146683193818898,52.02686688147857,0.5049085446713171,-0.3544816921668353,35.70510221436062
35.983379042602905,77.21875029813289,-0.3440751725888619,0.20215317152353715,44.200766764131636
25.302535164565736,74.65157738595681,1.1262179026721544,1.5811170427295516,36.616827692670995
35.588090273656164,46.21931966265676,0.49088274349579714,-1.2078510783355694,41.58786740506427
28.6641120720542,54.98874728698273,-0.16241569175431123,1.3678542733548544,34.82532207447438
26.53614275908153,55.398365846463214,-1.2497028574367866,1.5805380808078382,30.057506663136017
34.05758314973396,75.23517346194278,1.1454712862953709,-0.14168223238929448,45.29124466602063
33.17625700813849,45.88697419894639,-0.694786233381798,-2.5462258788103136,35.6748302489664
36.40713617585169,49.68488618930582,-0.8226993734784459,-0.7293863845133189,40.01973111840736
34.55592356945051,80.99622384179352,0.5112852160048201,1.556393455873331,45.859834056755524
35.44525209500303,53.034509792445014,1.2198762031696364,-0.027441674758658545,44.17488505305049
28.666449443426984,74.37357485333436,0.6921364092552591,-1.199162678753893,37.95576381666296
27.306714069136397,55.71822514710269,0.2819545600261798,-0.6057299054738609,33.53868253022475
34.757991771331156,49.47486267417053,0.297377170832643,1.0087440318054637,41.39693800052474
35.488851610474434,55.942748594975434,0.42670777939015386,0.6560802818416551,43.16691986517386
37.87656684600876,77.50201193350466,0.37946429489338257,-0.28671851900363315,47.827450542641984
30.364029799848545,83.50634106478286,0.1405957119846879,-0.44018929417762503,39.9426915351444
29.83623511530618,82.35989390551462,0.052100551975938034,-0.47010977885258626,39.01103674541138
35.09336848964596,62.873258832830466,-0.03129656394976121,-1.106892221398203,41.79326478764906
29.43044602328923,75.06383114567907,-0.37698229443333814,1.93845082736333,37.63443482552083
37.09984523284634,54.224293293711945,-0.14033753843338703,-0.38678456305360787,43.093216398285335
36.15936577395915,58.191647861745594,-0.8464784070976927,1.4605902249905958,41.32690145702632
30.57692235587524,85.33511183345038,-0.049169813397374945,1.8255792623069416,40.881597085681435
34.761323881289464,45.585086557983125,-0.49429555357545873,1.1979730777775524,39.41427054212234
34.80905736310087,48.847883888451065,-0.5517946586078855,-0.517944375261658,38.83563081742324
26.340610294867123,54.354881481571226,0.08994707557673923,0.4844761084039313,32.461891401086945
36.733187786834364,46.19394917432189,0.6960011431722997,-0.029034727669099397,43.566565273042315
31.568280841822144,53.16459457904088,0.4591583030011565,-1.0844422328761538,38.03069426897412
35.74394705940064,71.23687024363615,-0.7852503018115885,0.3892311380659236,42.46647045013439
29.16064481339795,63.96410477666241,-0.4948140682851688,-1.414847749391763,34.26917197932179
36.64180197045061,85.17022699846387,0.47038559399410795,1.4252152661538764,48.39963565156644
30.05962182354412,81.78496027822985,-0.4912436967691548,-0.5575407567580717,37.781525627591606
25.140889469243877,60.38178082640442,-0.1123165749985123,0.24139158704740715,31.355310921273542
36.76996569345043,56.67405450440816,0.27502604951227594,0.33994544585537056,44.03496416884245
26.186726798219738,62.086158367527005,-0.48417222743181765,-0.31068596844489277,31.667386958739893
29.151077288675395,71.56327241316635,0.05268775307297995,0.7040325617703297,37.33920626427673
37.350805571660466,57.06286383702943,-0.6670127474591022,-0.5698843879470293,42.25002370296047
37.35789291018823,73.08670085321103,-0.30068382197560684,1.045556756948693,45.825272532647226
32.45469254560272,63.423524348605824,0.15989096707126849,-1.6151756162960982,39.17361167200175
33.21388375820739,69.8421231383391,-0.7964968667658346,0.15165549545569418,39.40332274410035
30.829791785718157,64.62569381108925,0.2202373689801995,2.3267147988699417,39.39739828275755
28.811740032074837,58.2509591793863,-0.009818899463340608,-1.2003975895266896,34.68228835124788
29.27263908980891,87.68039881329705,0.2762449772085739,-0.8132939646298217,39.469879541364364
33.7427399290015,79.36226073718925,0.11195706703233071,0.616689419590698,43.29337654502049
34.780868882689845,51.30509290949036,0.6820702149869221,0.21549813832751755,42.28027145425121
35.29052756843603,84.08105891540608,0.06261225132395364,0.42075611912827104,45.53752645338164
35.2650358563292,66.93440392122811,-0.2147027705626265,0.5870245561771962,42.682319190697136
26.185679339632976,85.25485021023411,0.06114875151614189,0.7616657622741239,36.142829559454306
31.427463961133558,80.99348651762918,0.27164901451819395,1.3316398103474678,41.64617690304945
25.748263880216374,64.1346077011155,0.024430035162852165,0.49178238831421506,32.7890883968795
32.14387547020856,46.011118874405284,0.02029584560194119,-0.2895091855422509,37.15052090710323
30.7398965178539,57.09048117232257,-0.3509958439033777,0.8070884414432775,36.691705622878445
36.540154375857895,69.37353965973901,-0.3314504587754741,2.2798583218742587,44.77715546226415
29.561895163177024,73.50651989217663,-0.7013026358998468,-0.15916049565908827,36.05280624451147
26.521871213558875,56.604945844494104,0.8747883715934697,-1.1694351656047697,34.084726604541515
26.858891866686868,51.271023333277085,-0.6219316176956425,1.3284968031443674,31.230274487175254
34.89963821232714,82.57186065596846,-0.34645259889795366,-0.14445739674431787,43.65907099813223
33.03683482311139,89.29809813165986,-0.3592036327845987,-2.6072034552168435,41.52363190880717
26.314594789596274,68.65605820362086,0.44746218847222063,1.0169060125805058,35.159767918745594
26.093388479494966,52.72556786317366,-0.1474748391460139,-0.6423938231447073,30.981972172980885
34.11259870896856,57.2538296933716,0.6238710363368669,-0.10863993876499292,42.00672343865558
25.945919082734516,45.827580444636006,-0.33674531212193426,0.39837639668281744,29.983689057416182
35.68418077077463,86.14344629522245,0.13949708111190098,0.22859961573487966,46.111273236128795
34.18114895303445,50.29879873005635,-0.41767352662987867,0.8513421805668474,39.41592218818761
26.057534148344697,70.94324139814141,1.0725745638866941,-0.522583644683812,36.006785292530175
26.102890283107495,57.33248493092427,-0.5937992095147564,0.6157269578112993,31.032651575012242
37.82631452051528,69.93801011321071,0.15491035511351375,-0.31145601310070065,46.17714869108361
29.865520344829562,74.31391747583389,0.31688844046604925,0.8865725770650036,39.33435810021902
29.81834791186958,82.33838116682406,0.20689954872574912,0.7384409808156641,39.842993984555626
35.56639437434753,54.288957229227144,-0.09264382943885414,-1.1225264424535144,41.032360272049246
37.314231505990165,45.494812289631625,-0.06491034986671308,1.3031785394100386,43.04342857034334
37.81801382969732,51.159853353096324,0.0219057359895548,-0.6431561341368576,43.68317796312634
34.79391640836624,85.50083888316473,-0.07350100081424431,0.9696693579373741,44.85248597949264
29.891374611901906,84.3250534903132,0.48193955839745484,0.4407447760816087,40.50305466094532
26.085509317082693,71.88358959766387,1.1052615007956756,2.205820412154147,37.44099652033191
35.10290990705668,72.0232587195144,-0.2787458925039168,-0.26815917884622253,42.584004241877736
32.259255246565466,74.9266503545815,-0.6849014897895389,-0.419180155341837,39.099533122707115
30.51488612021069,52.89170753805523,-0.04414102417562741,-0.02330352706527913,35.97977918258661
36.78260700623157,86.14853756662319,1.2898546688271593,-0.3638157394011305,49.76996104090988
26.445567269979968,63.84467362014329,-0.4018372839848654,0.9599302823304601,32.66783563473508
31.40412635578117,62.241233771227385,0.8195584027220337,-1.9395727301239054,39.52551237223528
25.147597381976446,68.3512967377277,0.8388504070382203,-1.2644189029756248,33.93214854138389
31.09258834592364,47.113468504877474,-0.2767941208539973,-1.2813635058950317,34.95626816154325
25.731942583863887,52.482751594023576,0.2844915395926377,1.140369110368291,32.28624445825761
26.544632911484936,78.21151273918667,0.814198311564269,2.05273604709831,37.91962846689439
26.527841208102362,48.72594005663069,-0.18956387049374354,-0.1253390622449658,31.12580299358109
33.439733927508826,72.14184492598747,-0.10179018005118089,-0.20258606782801275,41.412031471801086
34.698583430450505,56.04070993565944,-0.29084045697432187,0.08406259573581766,40.6207338399571
32.58379394626307,62.51830263188894,-0.5073783653464334,1.3942539631298285,38.849487143186934
37.50824313016905,57.99121815468149,-0.32463877253300355,-1.1128237610286889,43.21252404149876
29.87331753380815,61.00527224092271,-0.6119701333811283,0.28604277928174215,35.3049374780977
28.71425712166419,77.35706573329105,0.017041734129613035,1.1702371557389157,37.75023031170368
36.291788666462985,58.370477203042874,-0.3849866155293209,0.6013130039278143,42.23285998743106
27.906745900752885,70.48820881336037,0.11689295589537385,0.22749793991849207,36.00160918884283
37.52189301272794,66.42226809895948,-0.7779478231018137,1.2012553110805693,44.05204697772998
25.158008170967612,74.86520244131917,0.16544011610722853,-3.2438787515990843,32.36993872684352
37.60842474719931,87.15733826961412,0.4167644808044623,0.8134503834370891,49.2827805291628
25.56107885535749,77.96574437446127,-0.9968678212857277,-0.7848908197529085,31.34315223719722
36.58486047807492,54.672317036584055,0.18702828492378606,-2.196759476227748,42.42503391641776
31.8601144181219,46.40324107775781,0.6138344962366461,0.6134431194299769,38.45346631303389
37.908542349550906,56.80188199349213,-0.6048205093456027,1.6483902541955493,43.82482742469334
25.959355341560187,71.77850688151148,0.8362861934188517,-0.16493821755323024,35.71691563127137
32.20010569721717,47.31416160679127,0.2095095046830226,1.1434494566435265,38.28498583895324
37.60093296304829,67.33648112405564,-0.35250592787920443,1.9347339095863745,45.16406589013704
31.800271974211935,71.85792820126002,-0.027884538828853004,1.5778973443008568,40.50015627016736
33.18218229575841,60.04097508676324,0.2791634562608612,1.9679574352456715,41.41914119962953
34.044732956800026,79.69104916856199,0.03800269570620575,0.8905529892862707,43.69395237620242
30.909033841981053,49.79692139101973,0.2693779962231846,0.09052036668191135,37.10947185817078
33.15825504109283,48.38120017811139,-0.4603367965396831,-1.922358974276602,36.58708822480402
32.5960860550003,77.76849402916216,0.084680412018039,-0.2952749857559383,41.60278620513393
36.71505413638286,67.29710922927893,-0.7068572484524901,-1.01189591437943,42.61518066477077
25.590802944438952,75.97810783924812,-0.05561303067435016,2.6051312609973762,34.62399980781797
28.652521464698992,64.56723023716859,-0.4519538207323949,-0.21106297491880394,34.64126137133404
37.355349292995264,56.088091495759805,-0.3677649712948833,0.1478457681413828,43.01654862731376
36.57342919058191,81.85960429533898,0.6180465876052187,0.661782451248561,47.803321030232944
30.92353778621427,80.97371455360407,0.5456550602971345,0.052322935646944464,41.397263883253494
33.06172377141998,76.26134118844921,0.3045690604535885,2.0340612485169034,43.23158138464355
28.605955378754725,57.24653117534832,-0.5461563823362895,-0.7471792340813423,33.1832347078121
27.445575076408897,71.56038000910891,-0.15820422484740096,0.23352894628469123,35.038056534436066
31.02807926421977,61.24382536230121,0.6065488499895917,-0.8909647028376578,38.75869415086162
29.593578964338686,49.12119329969854,0.07085845681995237,-1.5840270134648469,34.28858224093087
32.58752945406134,86.27911089580093,1.159664769990847,-0.7341229090863425,44.91191636990058
26.010550280544802,51.15683839135326,0.19665891969718594,-0.04444415645809442,31.669556850738857
37.66713249966016,87.76068092193611,0.0960245582450158,-0.515162669420712,48.06319350156168
37.82073967823484,65.07025978310801,-0.1545582321012507,-0.8309051758486271,44.77862096123261
